Time,Acelerometer,Gyroscope,Magnetometer
20:32:22,"[-0.001953, 0.131348, 0.977051]","[0.793457, -0.976562, -0.061035]","[50.744963, 55.199204, -22.213221]"
20:32:23,"[-0.002197, 0.127686, 0.984863]","[0.915527, -0.396729, -0.12207]","[51.279121, 54.306013, -19.630288]"
20:32:24,"[-0.003906, 0.128418, 0.984375]","[1.037598, -0.915527, -0.030518]","[50.923016, 54.66329, -20.663462]"
20:32:25,"[-0.003906, 0.129883, 0.976807]","[0.88501, -0.488281, -0.12207]","[51.457173, 54.841928, -20.835657]"
20:32:26,"[0.0, 0.125244, 0.979248]","[0.762939, -0.701904, -0.12207]","[50.210806, 54.306013, -20.319071]"
20:32:27,"[-0.005615, 0.127441, 0.989258]","[0.915527, -0.915527, -0.030518]","[49.498596, 53.234184, -19.285897]"
