Time,Acelerometer,Gyroscope,Magnetometer
22:18:15,"[-0.072754, 0.028809, 0.993896]","[0.915527, -0.549316, -0.12207]","[55.196276, 77.886256, -54.758173]"
22:18:16,"[-0.073242, 0.024414, 0.994629]","[1.190186, -0.457764, -0.030518]","[55.374328, 79.494, -56.307933]"
22:18:17,"[-0.069092, 0.025635, 0.995605]","[1.037598, -0.640869, -0.030518]","[55.018223, 79.494, -55.619151]"
22:18:18,"[-0.067871, 0.025879, 0.997314]","[0.915527, -0.366211, 0.0]","[55.908486, 79.315362, -56.480128]"
