Time,Acelerometer,Gyroscope,Magnetometer
18:32:14,"[-0.077881, 0.026367, 0.985596]","[0.823975, -0.671387, -0.152588]","[63.386691, 86.818166, -29.617628]"
18:32:16,"[-0.074707, 0.028564, 0.983887]","[0.640869, -0.793457, -0.213623]","[62.140324, 86.639528, -27.379087]"
18:32:17,"[-0.075928, 0.023193, 0.978027]","[1.068115, -0.671387, -0.244141]","[63.030586, 86.818166, -27.206891]"
