Time,Acelerometer,Gyroscope,Magnetometer
11:51:02,"[-0.05835, 0.00293, 0.983643]","[0.946045, -0.366211, -0.061035]","[62.318376, 68.239793, -27.895673]"
11:51:03,"[-0.054443, 0.007812, 0.98877]","[0.88501, -0.701904, -0.152588]","[64.455006, 70.740728, -27.895673]"
11:51:04,"[-0.052734, 0.007812, 0.983887]","[0.823975, -0.518799, 0.244141]","[63.742796, 70.026175, -27.551282]"
11:51:05,"[-0.057129, 0.006104, 0.98584]","[1.281738, -0.396729, 0.030518]","[64.276954, 69.490261, -26.001522]"
11:51:06,"[-0.054932, 0.005615, 0.983398]","[0.88501, -0.671387, 0.152588]","[64.989164, 70.204813, -28.756651]"
11:51:07,"[-0.053223, 0.002197, 0.987305]","[1.00708, -0.427246, -0.183105]","[64.455006, 70.740728, -28.928846]"
