Time,Temperature(C),Humidity
13:39:37,24.3121337890625,48.260498046875
13:39:38,24.32220458984375,48.3642578125
13:39:39,24.32220458984375,48.3642578125
13:39:41,24.34234619140625,48.3642578125
13:39:42,24.34234619140625,48.260498046875
