Time,Acelerometer,Gyroscope,Magnetometer
17:38:58,"[-0.014648, -0.987305, -0.049805]","[0.823975, -0.732422, -0.061035]","[15.134463, 107.361559, -40.121554]"
17:38:59,"[-0.013672, -0.983398, -0.05127]","[1.251221, -0.854492, -0.305176]","[14.778358, 106.647007, -39.432772]"
